Daniel,Daniel,Daniel,Brown,Daniel|,Daniel|Brown,06/04/1994,06/04/1994,06-04-1994,+61|022|022|1918,+61|022|022|1918,022-022-1918,dbrown@gmail.com,dbrown@gmail.com,dbrown@gmail.com,New|Zealand,New|Zealand,New|Zealand,+64,submit
Sofie,Sofie,Sofie,Kristensen,Sofie|,Sofie|Kristensen,26/01/1996,26/01/1996,26-01-1996,+61|911|540|5507,+61|911|540|5507,911-540-5507,skristensen@gmail.com,skristensen@gmail.com,skristensen@gmail.com,Norway,Norway,Norway,+47,submit
Matias,Matias,Matias,Svendsen,Matias|,Matias|Svendsen,03/11/1994,03/11/1994,03-11-1994,+61|956|045|0703,+61|956|045|0703,956-045-0703,msvendsen@gmail.com,msvendsen@gmail.com,msvendsen@gmail.com,Norway,Norway,Norway,+47,submit
Patricia,Patricia,Patricia,Pinneau,Patricia|,Patricia|Pinneau,26/03/1998,26/03/1998,26-03-1998,+61|042|912|9323,+61|042|912|9323,042-912-9323,ppinneau@gmail.com,ppinneau@gmail.com,ppinneau@gmail.com,France,France,France,+33,submit
Adalberto,Adalberto,Adalberto,Milanesi,Adalberto|,Adalberto|Milanesi,01/09/1997,01/09/1997,01-09-1997,+61|034|872|5585,+61|034|872|5585,034-872-5585,amilanesi@gmail.com,amilanesi@gmail.com,amilanesi@gmail.com,Italy,Italy,Italy,+39,submit
Lucca,Lucca,Lucca,Bianchi,Lucca|,Lucca|Bianchi,19/10/1998,19/10/1998,19-10-1998,+61|032|660|0403,+61|032|660|0403,032-660-0403,lbianchi@gmail.com,lbianchi@gmail.com,lbianchi@gmail.com,Italy,Italy,Italy,+39,submit
Lucja,Lucja,Lucja,Michalska,Lucja|,Lucja|Michalska,10/04/2000,10/04/2000,10-04-2000,+61|607|895|5170,+61|607|895|5170,607-895-5170,lmichalska@gmail.com,lmichalska@gmail.com,lmichalska@gmail.com,Poland,Poland,Poland,+48,submit
Igor,Igor,Igor,Honchar,Igor|,Igor|Honchar,28/03/1992,28/03/1992,28-03-1992,+61|096|826|1262,+61|096|826|1262,096-826-1262,ihonchar@gmail.com,ihonchar@gmail.com,ihonchar@gmail.com,Ukraine,Ukraine,Ukraine,+380,submit
Oliver,Oliver,Oliver,Dunkan,Oliver|,Oliver|Dunkan,04/08/1994,04/08/1994,04-08-1994,+61|079|149|3015,+61|079|149|3015,079-149-3015,odunkan@gmail.com,odunkan@gmail.com,odunkan@gmail.com,Ireland,Ireland,Ireland,+353,submit
Terry,Terry,Terry,Klint,Terry|,Terry|Klint,23/08/1994,23/08/1994,23-08-1994,+61|035|390|4126,+61|035|390|4126,035-390-4126,tklint@gmail.com,tklint@gmail.com,tklint@gmail.com,Australia,Australia,Australia,+61,submit
Volodymyr,Volodymyr,Volodymyr,Leno,Volodymyr|,Volodymyr|Leno,17/10/1994,17/10/1994,17-10-1994,+61|096|652|4777,+61|096|652|4777,096-652-4777,vleno@gmail.com,vleno@gmail.com,vleno@gmail.com,Ukraine,Ukraine,Ukraine,+380,submit
William,William,William,Macdonald,William|,William|Macdonald,19/06/1995,19/06/1995,19-06-1995,+61|814|239|7588,+61|814|239|7588,814-239-7588,wmacdonald@gmail.com,wmacdonald@gmail.com,wmacdonald@gmail.com,Canada,Canada,Canada,+11,submit
Jorge,Jorge,Jorge,Canales,Jorge|,Jorge|Canales,07/09/1997,07/09/1997,07-09-1997,+61|778|961|4150,+61|778|961|4150,778-961-4150,jcanales@gmail.com,jcanales@gmail.com,jcanales@gmail.com,Spain,Spain,Spain,+34,submit
Sander,Sander,Sander,Van|der|Berg,Sander|,Sander|Van|der|Berg,31/01/1998,31/01/1998,31-01-1998,+61|036|270|0025,+61|036|270|0025,036-270-0025,ttaylor@gmail.com,ttaylor@gmail.com,ttaylor@gmail.com,Netherlands,Netherlands,Netherlands,+31,submit
Jack,Jack,Jack,Brown,Jack|,Jack|Brown,09/03/1998,09/03/1998,09-03-1998,+61|074|503|4635,+61|074|503|4635,074-503-4635,jbrown@gmail.com,jbrown@gmail.com,jbrown@gmail.com,Australia,Australia,Australia,+61,submit
Cristina,Cristina,Cristina,Esposito,Cristina|,Cristina|Esposito,21/05/1996,21/05/1996,21-05-1996,+61|031|450|9254,+61|031|450|9254,031-450-9254,cesposito@gmail.com,cesposito@gmail.com,cesposito@gmail.com,Italy,Italy,Italy,+39,submit
Amelia,Amelia,Amelia,Wilson,Amelia|,Amelia|Wilson,25/06/1993,25/06/1993,25-06-1993,+61|035|349|4724,+61|035|349|4724,035-349-4724,awilson@gmail.com,awilson@gmail.com,awilson@gmail.com,Australia,Australia,Australia,+61,submit
John,John,John,Doe,John|,John|Doe,11/03/1986,11/03/1986,11-03-1986,+61|039|689|9324,+61|039|689|9324,039-689-9324,jdoe@gmail.com,jdoe@gmail.com,jdoe@gmail.com,Australia,Australia,Australia,+61,submit
Albert,Albert,Albert,Rauf,Albert|,Albert|Rauf,11/04/1986,11/04/1986,11-04-1986,+61|043|512|4834,+61|043|512|4834,043-512-4834,arauf@gmail.com,arauf@gmail.com,arauf@gmail.com,Germany,Germany,Germany,+49,submit
Steven,Steven,Steven,Richards,Steven|,Steven|Richards,18/06/1986,18/06/1986,18-06-1986,+61|035|376|0669,+61|035|376|0669,035-376-0669,srichards@gmail.com,srichards@gmail.com,srichards@gmail.com,Australia,Australia,Australia,+61,submit
Gerard,Gerard,Gerard,Dubois,Gerard|,Gerard|Dubois,08/04/1987,08/04/1987,08-04-1987,+61|043|532|6105,+61|043|532|6105,043-532-6105,gdubois@gmail.com,gdubois@gmail.com,gdubois@gmail.com,France,France,France,+33,submit
Audrey,Audrey,Audrey,Backer,Audrey|,Audrey|Backer,20/06/1987,20/06/1987,20-06-1987,+61|519|790|1066,+61|519|790|1066,519-790-1066,abacker@gmail.com,abacker@gmail.com,abacker@gmail.com,United|States,United|States,United|States,+12,submit
Carl,Carl,Carl,Gustafsson,Carl|,Carl|Gustafsson,01/08/1987,01/08/1987,01-08-1987,+61|043|587|1823,+61|043|587|1823,043-587-1823,cgustafsson@gmail.com,cgustafsson@gmail.com,cgustafsson@gmail.com,Sweden,Sweden,Sweden,+46,submit
Sarah,Sarah,Sarah,Johnson,Sarah|,Sarah|Johnson,25/03/1989,25/03/1989,25-03-1989,+61|035|341|2938,+61|035|341|2938,035-341-2938,sjohnson@gmail.com,sjohnson@gmail.com,sjohnson@gmail.com,Australia,Australia,Australia,+61,submit
Andrea,Andrea,Andrea,Bolzano,Andrea|,Andrea|Bolzano,22/07/1989,22/07/1989,22-07-1989,+61|031|023|0066,+61|031|023|0066,031-023-0066,abolzano@gmail.com,abolzano@gmail.com,abolzano@gmail.com,Italy,Italy,Italy,+39,submit
Hannah,Hannah,Hannah,Dietmeier,Hannah|,Hannah|Dietmeier,12/07/1990,12/07/1990,12-07-1990,+61|072|237|8681,+61|072|237|8681,072-237-8681,hdietmeier@gmail.com,hdietmeier@gmail.com,hdietmeier@gmail.com,Germany,Germany,Germany,+49,submit
Adam,Adam,Adam,Nickolson,Adam|,Adam|Nickolson,02/12/1989,02/12/1989,02-12-1989,+61|088|229|3282,+61|088|229|3282,088-229-3282,anickolson@gmail.com,anickolson@gmail.com,anickolson@gmail.com,Australia,Australia,Australia,+61,submit
Adrian,Adrian,Adrian,Gomez,Adrian|,Adrian|Gomez,14/04/1999,14/04/1999,14-04-1999,+61|212|459|2616,+61|212|459|2616,212-459-2616,agomez@gmail.com,agomez@gmail.com,agomez@gmail.com,Portugal,Portugal,Portugal,+351,submit
Samantha,Samantha,Samantha,Cooper,Samantha|,Samantha|Cooper,10/03/2001,10/03/2001,10-03-2001,+61|719|562|8343,+61|719|562|8343,719-562-8343,scooper@gmail.com,scooper@gmail.com,scooper@gmail.com,United|States,+61|719|562|8343,United|States,+12,submit
Olga,Olga,Olga,Mykolenchuk,Olga|,Olga|Mykolenchuk,11/04/2000,11/04/2000,11-04-2000,+61|097|601|8154,+61|097|601|8154,097-601-8154,omykolenchuk@gmail.com,omykolenchuk@gmail.com,omykolenchuk@gmail.com,Ukraine,Ukraine,Ukraine,+380,submit
Samir,Samir,Samir,Ivdan,Samir|,Samir|Ivdan,06/10/1996,06/10/1996,06-10-1996,+61|351|411|9691,+61|351|411|9691,351-411-9691,sivdan@gmail.com,sivdan@gmail.com,sivdan@gmail.com,Kazakhstan,Kazakhstan,Kazakhstan,+7,submit
Bradley,Bradley,Bradley,Stones,Bradley|,Bradley|Stones,28/12/1994,28/12/1994,28-12-1994,+61|190|065|4321,+61|190|065|4321,190-065-4321,bstones@gmail.com,bstones@gmail.com,bstones@gmail.com,Australia,Australia,Australia,+61,submit
Ben,Ben,Ben,Inglis,Ben|,Ben|Inglis,12/04/1995,12/04/1995,12-04-1995,+61|029|553|3708,+61|029|553|3708,029-553-3708,binglis@gmail.com,binglis@gmail.com,binglis@gmail.com,Australia,Australia,Australia,+61,submit
Keito,Keito,Keito,Uchiyama,Keito|,Keito|Uchiyama,03/06/1986,03/06/1986,03-06-1986,+61|024|706|5621,+61|024|706|5621,024-706-5621,kuchiyama@gmail.com,kuchiyama@gmail.com,kuchiyama@gmail.com,Japan,Japan,Japan,+81,submit
Andrej,Andrej,Andrej,Ivanovic,Andrej|,Andrej|Ivanovic,19/11/1986,19/11/1986,19-11-1986,+61|088|266|0827,+61|088|266|0827,088-266-0827,aivanovic@gmail.com,aivanovic@gmail.com,aivanovic@gmail.com,Croatia,Croatia,Croatia,+385,submit
Zhi,Zhi,Zhi,Kung,Zhi|,Zhi|Kung,21/11/1987,21/11/1987,21-11-1987,+61|073|672|5593,+61|073|672|5593,073-672-5593,zkung@gmail.com,zkung@gmail.com,zkung@gmail.com,China,China,China,+86,submit
Cong,Cong,Cong,Lin,Cong|,Cong|Lin,30/10/1986,30/10/1986,30-10-1986,+61|029|211|4904,+61|029|211|4904,029-211-4904,clin@gmail.com,clin@gmail.com,clin@gmail.com,China,China,China,+86,submit
Chow,Chow,Chow,Hsu,Chow|,Chow|Hsu,08/08/1987,08/08/1987,08-08-1987,+61|035|361|6573,+61|035|361|6573,035-361-6573,chsu@gmail.com,chsu@gmail.com,chsu@gmail.com,China,+61|035|361|6573,China,+86,submit
Ai,Ai,Ai,Tsao,Ai|,Ai|Tsao,09/11/1987,09/11/1987,09-11-1987,+61|035|311|5923,+61|035|311|5923,035-311-5923,atsao@gmail.com,atsao@gmail.com,atsao@gmail.com,China,China,China,+86,submit
Dong,Dong,Dong,Wu,Dong|,Dong|Wu,26/02/1988,26/02/1988,26-02-1988,+61|024|660|0919,+61|024|660|0919,024-660-0919,dwu@gmail.com,dwu@gmail.com,dwu@gmail.com,China,China,China,+86,submit
Jo,Jo,Jo,Seung-gyu,Jo|,Jo|Seung-gyu,18/04/1988,18/04/1988,18-04-1988,+61|073|394|8086,+61|073|394|8086,073-394-8086,lkao@gmail.com,lkao@gmail.com,lkao@gmail.com,South|Korea,South|Korea,South|Korea,+82,submit
Arkady,Arkady,Arkady,Yuriev,Arkady|,Arkady|Yuriev,18/11/1988,18/11/1988,18-11-1988,+61|244|557|2104,+61|244|557|2104,244-557-2104,ayuriev@gmail.com,ayuriev@gmail.com,ayuriev@gmail.com,Russia,Russia,Russia,+7,submit
Kristian,Kristian,Kristian,Valda,Kristian|,Kristian|,16/12/1990,16/12/1990,16-12-1990,+61|047|190|8040,+61|047|190|8040,047-190-8040,kvalda@gmail.com,kvalda@gmail.com,kvalda@gmail.com,Czech|Republic,Czech|Republic,Czech|Republic,+420,submit
Sue,Sue,Sue,Veenman,Sue|,Sue|Veenman,07/09/1991,07/09/1991,07-09-1991,+61|062|348|7269,+61|062|348|7269,062-348-7269,sveenman@gmail.com,sveenman@gmail.com,sveenman@gmail.com,Netherlands,Netherlands,Netherlands,+31,submit
Alex,Alex,Alex,Bradshaw,Alex|,Alex|Bradshaw,06/10/1991,06/10/1991,06-10-1991,+61|079|324|4302,+61|079|324|4302,079-324-4302,abradshaw@gmail.com,abradshaw@gmail.com,abradshaw@gmail.com,United|Kingdom,United|Kingdom,United|Kingdom,+44,submit
Ben,Ben,Ben,Stanley,Ben|,Ben|Stanley,03/12/1991,03/12/1991,03-12-1991,+61|079|084|1816,+61|079|084|1816,079-084-1816,bstanley@gmail.com,bstanley@gmail.com,bstanley@gmail.com,United|Kingdom,United|Kingdom,United|Kingdom,+44,submit
Raino,Raino,Raino,Lampen,Raino|,Raino|Lampen,18/08/1992,18/08/1992,18-08-1992,+61|040|656|3417,+61|040|656|3417,040-656-3417,rlampen@gmail.com,rlampen@gmail.com,rlampen@gmail.com,Finland,Finland,Finland,+358,submit
Juha,Juha,Juha,Hanski,Juha|,Juha|Hanski,05/12/1992,05/12/1992,05-12-1992,+61|044|610|2402,+61|044|610|2402,044-610-2402,jhanski@gmail.com,jhanski@gmail.com,jhanski@gmail.com,Finland,Finland,Finland,+358,submit
Herczeg,Herczeg,Herczeg,Oszkar,Herczeg|,Herczeg|Oszkar,11/07/1993,11/07/1993,11-07-1993,+61|520|884|0283,+61|520|884|0283,520-884-0283,hoszkar@gmail.com,hoszkar@gmail.com,hoszkar@gmail.com,Hungary,Hungary,Hungary,+36,submit
Hilda,Hilda,Hilda,Diggle,Hilda|,Hilda|Diggle,31/07/1993,31/07/1993,31-07-1993,+61|029|930|7916,+61|029|930|7916,029-930-7916,hdiggle@gmail.com,hdiggle@gmail.com,hdiggle@gmail.com,New|Zealand,New|Zealand,New|Zealand,+64,submit
